TransactionID,CustomerID,ProductID,Quantity,Timestamp
1,15,17,1,2023-07-02 22:25:08.196304
2,117,29,3,2024-02-20 22:25:08.196304
3,80,2,5,2023-08-05 22:25:08.196304
4,81,1,4,2024-03-05 22:25:08.196304
5,38,32,1,2024-04-17 22:25:08.196304
6,66,22,2,2023-12-06 22:25:08.196304
7,172,2,4,2024-04-10 22:25:08.196304
8,175,2,4,2024-04-10 22:25:08.196304
9,157,24,4,2023-09-17 22:25:08.196304
10,138,21,2,2023-11-17 22:25:08.196304
11,76,41,2,2023-11-02 22:25:08.196304
12,12,8,4,2023-09-22 22:25:08.196304
13,134,2,1,2024-02-08 22:25:08.196304
14,29,8,1,2023-06-15 22:25:08.196304
15,103,12,3,2024-04-23 22:25:08.196304
16,77,30,5,2024-02-21 22:25:08.196304
17,123,22,3,2024-03-02 22:25:08.196304
18,171,10,4,2023-05-24 22:25:08.196304
19,113,45,5,2023-08-15 22:25:08.196304
20,122,22,3,2023-09-28 22:25:08.196304
21,17,33,2,2024-01-22 22:25:08.196304
22,101,21,3,2023-05-21 22:25:08.196304
23,72,44,2,2023-11-26 22:25:08.196304
24,93,43,3,2023-08-29 22:25:08.196304
25,164,14,2,2024-04-21 22:25:08.196304
26,43,45,5,2023-05-16 22:25:08.196304
27,6,37,3,2023-12-10 22:25:08.196304
28,152,35,2,2023-12-26 22:25:08.196304
29,14,29,3,2023-08-15 22:25:08.196304
30,14,19,3,2023-09-18 22:25:08.196304
31,12,24,5,2024-04-01 22:25:08.196304
32,190,38,5,2024-03-08 22:25:08.196304
33,16,33,3,2023-11-28 22:25:08.196304
34,199,28,1,2023-06-27 22:25:08.196304
35,5,16,5,2023-10-08 22:25:08.196304
36,71,10,3,2023-10-05 22:25:08.196304
37,122,10,2,2023-06-23 22:25:08.196304
38,26,20,3,2024-02-26 22:25:08.196304
39,30,19,4,2023-05-04 22:25:08.196304
40,120,44,3,2024-04-08 22:25:08.196304
41,193,11,1,2023-11-26 22:25:08.196304
42,23,9,2,2023-09-19 22:25:08.196304
43,10,4,3,2024-04-09 22:25:08.196304
44,59,1,3,2023-05-27 22:25:08.196304
45,170,43,4,2024-01-28 22:25:08.196304
46,155,8,1,2023-07-24 22:25:08.196304
47,175,35,5,2024-02-11 22:25:08.196304
48,94,17,5,2024-01-12 22:25:08.196304
49,190,12,4,2024-03-17 22:25:08.196304
50,43,48,2,2023-11-15 22:25:08.196304
51,21,17,3,2023-10-21 22:25:08.196304
52,21,4,1,2023-05-19 22:25:08.196304
53,114,19,1,2024-03-04 22:25:08.196304
54,46,25,3,2023-12-19 22:25:08.196304
55,17,10,4,2024-03-26 22:25:08.196304
56,124,21,3,2023-09-17 22:25:08.196304
57,163,17,4,2023-06-15 22:25:08.196304
58,23,5,4,2023-11-07 22:25:08.196304
59,111,11,5,2024-02-27 22:25:08.196304
60,25,17,1,2023-11-18 22:25:08.196304
61,30,46,1,2024-04-21 22:25:08.196304
62,154,44,1,2023-05-02 22:25:08.196304
63,130,11,2,2023-10-04 22:25:08.196304
64,92,17,4,2023-12-18 22:25:08.196304
65,183,22,2,2023-08-14 22:25:08.196304
66,166,30,4,2023-11-01 22:25:08.196304
67,174,47,3,2023-10-25 22:25:08.196304
68,20,49,1,2023-07-23 22:25:08.196304
69,115,1,4,2023-12-20 22:25:08.196304
70,64,41,2,2023-12-27 22:25:08.196304
71,185,11,1,2023-10-19 22:25:08.196304
72,174,42,3,2024-04-27 22:25:08.196304
73,135,1,3,2023-11-01 22:25:08.196304
74,98,47,2,2023-06-14 22:25:08.196304
75,13,29,3,2024-01-16 22:25:08.196304
76,58,45,2,2023-12-14 22:25:08.196304
77,26,45,3,2024-01-14 22:25:08.196304
78,147,27,4,2023-09-05 22:25:08.196304
79,77,38,5,2023-07-03 22:25:08.196304
80,130,34,4,2024-03-10 22:25:08.196304
81,169,16,5,2023-11-13 22:25:08.196304
82,187,44,5,2023-11-25 22:25:08.196304
83,83,9,2,2023-05-28 22:25:08.196304
84,142,39,2,2023-11-25 22:25:08.196304
85,174,32,4,2023-06-19 22:25:08.196304
86,27,24,2,2023-09-11 22:25:08.196304
87,195,28,1,2023-08-29 22:25:08.196304
88,69,15,2,2024-03-21 22:25:08.196304
89,109,23,1,2023-08-04 22:25:08.196304
90,101,41,3,2024-02-01 22:25:08.196304
91,71,18,4,2024-01-22 22:25:08.196304
92,189,20,2,2023-09-29 22:25:08.196304
93,26,50,2,2024-04-16 22:25:08.196304
94,115,44,3,2023-06-26 22:25:08.196304
95,92,7,2,2024-03-09 22:25:08.196304
96,155,45,5,2024-02-28 22:25:08.196304
97,129,13,5,2023-12-01 22:25:08.196304
98,99,20,3,2023-11-11 22:25:08.196304
99,96,1,3,2023-10-12 22:25:08.196304
100,76,24,2,2023-09-06 22:25:08.196304
101,170,20,1,2023-11-27 22:25:08.197390
102,72,24,3,2023-12-29 22:25:08.197390
103,87,10,2,2023-11-17 22:25:08.197390
104,111,5,5,2024-04-11 22:25:08.197390
105,96,31,4,2023-10-01 22:25:08.197390
106,198,48,1,2024-03-02 22:25:08.197390
107,69,45,3,2024-04-05 22:25:08.197390
108,14,14,5,2023-12-05 22:25:08.197390
109,38,20,3,2023-08-09 22:25:08.197390
110,4,7,2,2023-11-03 22:25:08.197390
111,53,4,3,2023-07-16 22:25:08.197390
112,182,32,3,2023-09-20 22:25:08.197390
113,30,29,4,2024-03-09 22:25:08.197390
114,6,26,2,2023-10-25 22:25:08.197390
115,156,25,4,2023-08-06 22:25:08.197390
116,103,3,3,2023-07-31 22:25:08.197390
117,148,25,5,2024-04-04 22:25:08.197390
118,152,36,2,2023-12-02 22:25:08.197390
119,63,17,4,2023-06-20 22:25:08.197390
120,164,38,3,2024-02-23 22:25:08.197390
121,38,31,4,2024-03-19 22:25:08.197390
122,26,21,4,2023-12-31 22:25:08.197390
123,34,19,3,2023-11-28 22:25:08.197390
124,49,4,1,2023-11-03 22:25:08.197390
125,5,25,5,2023-05-12 22:25:08.197390
126,19,7,3,2023-09-10 22:25:08.197390
127,30,45,2,2024-02-02 22:25:08.197390
128,172,50,3,2024-01-26 22:25:08.197390
129,198,20,3,2023-12-03 22:25:08.197390
130,103,14,2,2023-06-25 22:25:08.197390
131,110,35,3,2023-10-16 22:25:08.197390
132,101,15,4,2023-10-01 22:25:08.197390
133,58,7,5,2023-12-14 22:25:08.197390
134,57,18,3,2023-08-24 22:25:08.197390
135,21,42,1,2023-05-10 22:25:08.197390
136,55,50,5,2024-02-17 22:25:08.197390
137,194,4,5,2024-03-02 22:25:08.197390
138,193,19,3,2023-08-30 22:25:08.197390
139,114,22,3,2023-10-06 22:25:08.197390
140,48,30,2,2023-05-09 22:25:08.197390
141,145,10,5,2024-04-20 22:25:08.197390
142,124,8,2,2023-11-09 22:25:08.197390
143,152,8,4,2023-06-29 22:25:08.197390
144,40,47,5,2023-11-23 22:25:08.197390
145,117,34,4,2023-07-26 22:25:08.197390
146,110,46,3,2023-11-23 22:25:08.197390
147,79,22,3,2024-03-08 22:25:08.197390
148,40,27,4,2023-07-07 22:25:08.197390
149,129,42,1,2023-12-01 22:25:08.197390
150,47,32,1,2023-08-18 22:25:08.197390
151,166,10,3,2024-04-11 22:25:08.197390
152,42,5,1,2023-06-29 22:25:08.197390
153,143,8,4,2023-08-06 22:25:08.197390
154,58,40,2,2023-06-05 22:25:08.197390
155,142,12,3,2024-02-20 22:25:08.197390
156,29,18,2,2023-12-30 22:25:08.197390
157,59,27,3,2023-05-27 22:25:08.197390
158,182,44,2,2024-02-23 22:25:08.197390
159,77,48,1,2024-02-09 22:25:08.197390
160,18,40,4,2024-03-23 22:25:08.197390
161,24,18,2,2023-06-24 22:25:08.197390
162,180,2,3,2023-08-30 22:25:08.197390
163,186,13,2,2023-05-10 22:25:08.197390
164,26,18,1,2024-02-09 22:25:08.197390
165,145,1,1,2023-11-08 22:25:08.197390
166,89,17,3,2024-02-07 22:25:08.197390
167,135,25,1,2023-10-16 22:25:08.197390
168,94,24,3,2024-01-28 22:25:08.197390
169,118,45,4,2023-10-22 22:25:08.197390
170,74,19,1,2023-12-25 22:25:08.197390
171,121,42,5,2024-01-10 22:25:08.197390
172,161,5,1,2023-07-26 22:25:08.197390
173,54,21,5,2023-07-24 22:25:08.197390
174,3,35,2,2023-10-13 22:25:08.197390
175,140,44,5,2024-04-25 22:25:08.197390
176,110,2,5,2024-03-11 22:25:08.197390
177,137,12,5,2023-05-08 22:25:08.197390
178,4,17,5,2023-07-20 22:25:08.197390
179,5,12,2,2023-07-14 22:25:08.197390
180,59,31,4,2023-07-10 22:25:08.197390
181,190,50,1,2023-08-15 22:25:08.197390
182,164,40,1,2023-06-21 22:25:08.197390
183,37,5,3,2023-11-17 22:25:08.197390
184,188,11,2,2023-09-02 22:25:08.197390
185,30,37,5,2023-11-08 22:25:08.197390
186,137,33,4,2023-11-19 22:25:08.197390
187,171,42,2,2023-05-24 22:25:08.197390
188,161,7,4,2023-12-12 22:25:08.197390
189,45,27,3,2023-07-16 22:25:08.197390
190,148,25,4,2024-02-26 22:25:08.197390
191,109,13,4,2023-09-09 22:25:08.197390
192,64,10,2,2024-01-18 22:25:08.197390
193,123,8,5,2024-03-23 22:25:08.197390
194,24,29,1,2023-08-06 22:25:08.197390
195,20,27,5,2024-01-10 22:25:08.197390
196,8,41,2,2023-05-21 22:25:08.197390
197,196,49,1,2024-01-15 22:25:08.197390
198,79,3,2,2023-12-10 22:25:08.197390
199,25,49,3,2023-07-01 22:25:08.197390
200,8,42,5,2024-03-04 22:25:08.197390
201,15,9,5,2023-08-24 22:25:08.197390
202,115,6,1,2023-10-30 22:25:08.197390
203,23,19,3,2024-01-20 22:25:08.197390
204,142,27,3,2024-02-01 22:25:08.197390
205,200,2,1,2023-10-20 22:25:08.197390
206,35,3,5,2023-10-18 22:25:08.197390
207,140,36,4,2024-02-24 22:25:08.197390
208,4,12,2,2024-03-29 22:25:08.197390
209,126,36,4,2024-03-20 22:25:08.197390
210,10,12,5,2023-12-31 22:25:08.197390
211,77,10,2,2023-06-09 22:25:08.197390
212,166,39,3,2023-05-27 22:25:08.197390
213,120,13,5,2023-06-16 22:25:08.197390
214,66,9,3,2023-11-20 22:25:08.197390
215,96,23,3,2023-10-30 22:25:08.197390
216,29,16,2,2023-10-19 22:25:08.197390
217,40,48,5,2024-01-09 22:25:08.197390
218,113,2,2,2024-02-27 22:25:08.197390
219,49,21,2,2024-02-08 22:25:08.197390
220,83,14,2,2023-08-25 22:25:08.197390
221,1,43,2,2024-01-22 22:25:08.197390
222,190,45,2,2024-04-19 22:25:08.197390
223,131,26,3,2023-09-01 22:25:08.197390
224,194,9,3,2024-04-22 22:25:08.197390
225,38,39,4,2023-05-22 22:25:08.197390
226,190,41,1,2023-11-17 22:25:08.197390
227,100,23,3,2023-08-26 22:25:08.197390
228,85,19,1,2023-08-27 22:25:08.197390
229,145,38,5,2023-08-17 22:25:08.197390
230,81,17,4,2024-02-20 22:25:08.197390
231,104,3,1,2024-03-18 22:25:08.197390
232,28,6,1,2023-05-13 22:25:08.197390
233,68,50,3,2024-01-20 22:25:08.197390
234,136,9,3,2023-08-17 22:25:08.197390
235,61,26,5,2023-11-13 22:25:08.197390
236,114,38,4,2023-07-29 22:25:08.197390
237,43,2,3,2023-06-01 22:25:08.197390
238,108,43,5,2023-09-14 22:25:08.197390
239,105,24,4,2023-08-21 22:25:08.197390
240,108,22,1,2024-03-06 22:25:08.197390
241,62,49,3,2024-01-24 22:25:08.197390
242,108,46,1,2024-02-24 22:25:08.197390
243,126,28,5,2024-02-08 22:25:08.197390
244,98,42,4,2024-03-09 22:25:08.197390
245,103,24,5,2024-03-20 22:25:08.197390
246,24,1,5,2023-07-04 22:25:08.197390
247,97,33,1,2023-11-23 22:25:08.197390
248,197,27,1,2024-01-06 22:25:08.197390
249,192,30,3,2023-12-21 22:25:08.197390
250,6,47,5,2023-07-03 22:25:08.197390
251,191,13,5,2023-07-27 22:25:08.197390
252,22,16,3,2023-08-26 22:25:08.197390
253,23,10,5,2023-12-10 22:25:08.197390
254,32,32,3,2024-01-24 22:25:08.197390
255,107,21,2,2023-09-20 22:25:08.197390
256,169,38,2,2024-01-31 22:25:08.197390
257,143,30,1,2023-08-29 22:25:08.197390
258,118,24,2,2023-06-13 22:25:08.197390
259,53,49,2,2023-10-17 22:25:08.197390
260,110,37,3,2023-11-15 22:25:08.197390
261,149,20,5,2023-07-09 22:25:08.197390
262,10,41,2,2023-11-14 22:25:08.197390
263,151,30,3,2023-06-17 22:25:08.197390
264,1,22,5,2023-10-26 22:25:08.197390
265,109,48,2,2024-01-04 22:25:08.197390
266,5,31,4,2023-09-28 22:25:08.197390
267,3,9,1,2023-07-16 22:25:08.197390
268,168,47,5,2023-08-15 22:25:08.197390
269,150,13,1,2023-11-12 22:25:08.198396
270,12,25,3,2023-12-28 22:25:08.198396
271,36,47,3,2023-05-29 22:25:08.198396
272,175,35,5,2023-09-26 22:25:08.198396
273,42,18,4,2024-02-12 22:25:08.198396
274,164,10,3,2023-05-26 22:25:08.198396
275,71,22,1,2023-08-22 22:25:08.198396
276,172,42,5,2024-02-02 22:25:08.198396
277,28,50,3,2024-04-25 22:25:08.198396
278,48,14,3,2024-03-13 22:25:08.198396
279,172,18,1,2024-02-24 22:25:08.198396
280,114,30,2,2024-04-24 22:25:08.198396
281,199,7,3,2023-10-19 22:25:08.198396
282,34,49,1,2023-05-08 22:25:08.198396
283,176,30,1,2023-10-14 22:25:08.198396
284,147,3,1,2023-05-29 22:25:08.198396
285,72,41,5,2023-12-25 22:25:08.198396
286,93,38,2,2023-10-06 22:25:08.198396
287,62,31,3,2024-02-19 22:25:08.198396
288,129,13,3,2023-12-21 22:25:08.198396
289,50,10,5,2023-09-23 22:25:08.198396
290,47,21,4,2023-07-09 22:25:08.198396
291,180,46,2,2024-01-16 22:25:08.198396
292,79,35,2,2023-06-12 22:25:08.198396
293,152,50,5,2023-12-13 22:25:08.198396
294,78,10,3,2023-05-21 22:25:08.198396
295,30,9,3,2023-08-08 22:25:08.198396
296,79,14,4,2023-11-19 22:25:08.198396
297,81,27,1,2024-02-17 22:25:08.198396
298,195,8,5,2024-03-20 22:25:08.198396
299,67,11,1,2023-09-02 22:25:08.198396
300,30,22,3,2023-06-27 22:25:08.198396
301,49,26,4,2024-03-30 22:25:08.198396
302,36,37,4,2023-09-21 22:25:08.198396
303,141,15,5,2023-10-05 22:25:08.198396
304,3,42,2,2023-11-04 22:25:08.198396
305,94,9,3,2023-06-28 22:25:08.198396
306,180,41,5,2023-07-08 22:25:08.198396
307,164,22,1,2023-10-29 22:25:08.198396
308,106,20,2,2024-04-10 22:25:08.198396
309,92,5,4,2023-07-06 22:25:08.198396
310,177,9,4,2023-12-27 22:25:08.198396
311,34,39,4,2024-04-28 22:25:08.198396
312,145,35,5,2023-09-11 22:25:08.198396
313,200,37,3,2023-08-07 22:25:08.198396
314,180,28,1,2023-06-10 22:25:08.198396
315,49,45,5,2023-06-03 22:25:08.198396
316,84,47,4,2023-07-01 22:25:08.198396
317,12,34,3,2024-02-11 22:25:08.198396
318,57,42,4,2024-02-19 22:25:08.198396
319,66,1,5,2023-09-11 22:25:08.198396
320,135,45,3,2023-06-15 22:25:08.198396
321,171,50,2,2023-11-27 22:25:08.198396
322,4,4,5,2023-07-21 22:25:08.198396
323,186,10,1,2024-02-03 22:25:08.198396
324,157,29,3,2024-03-03 22:25:08.198396
325,107,2,5,2023-11-01 22:25:08.198396
326,30,40,4,2023-08-04 22:25:08.198396
327,41,9,4,2023-05-18 22:25:08.198396
328,41,18,4,2023-11-10 22:25:08.198396
329,69,27,1,2024-03-12 22:25:08.198396
330,153,20,4,2023-11-02 22:25:08.198396
331,153,19,5,2023-06-23 22:25:08.198396
332,39,13,1,2023-05-09 22:25:08.198396
333,44,5,3,2023-11-07 22:25:08.198396
334,126,7,4,2024-04-25 22:25:08.198396
335,169,44,1,2023-12-26 22:25:08.198396
336,17,21,4,2023-11-15 22:25:08.198396
337,85,30,1,2023-11-22 22:25:08.198396
338,17,2,1,2023-10-09 22:25:08.198396
339,83,38,1,2024-02-18 22:25:08.198396
340,72,45,5,2024-03-31 22:25:08.198396
341,185,38,2,2024-04-16 22:25:08.198396
342,42,32,3,2023-09-14 22:25:08.198396
343,46,16,4,2023-10-05 22:25:08.198396
344,191,49,5,2023-11-12 22:25:08.198396
345,11,30,3,2023-05-14 22:25:08.198396
346,76,27,3,2024-01-10 22:25:08.198396
347,83,38,1,2024-04-17 22:25:08.198396
348,88,18,5,2023-06-24 22:25:08.198396
349,44,15,2,2023-08-20 22:25:08.198396
350,69,6,5,2023-05-16 22:25:08.198396
351,145,3,4,2023-12-06 22:25:08.198396
352,27,11,4,2023-05-16 22:25:08.198396
353,104,49,2,2023-11-11 22:25:08.198396
354,70,42,3,2023-08-13 22:25:08.198396
355,184,38,3,2023-06-13 22:25:08.198396
356,51,8,4,2024-04-24 22:25:08.198396
357,192,48,3,2023-05-07 22:25:08.198396
358,110,14,4,2023-08-18 22:25:08.198396
359,127,11,5,2023-06-19 22:25:08.198396
360,24,19,3,2023-06-03 22:25:08.198396
361,100,36,3,2023-05-11 22:25:08.198396
362,70,16,3,2023-10-21 22:25:08.198396
363,199,14,3,2024-01-16 22:25:08.198396
364,149,11,3,2023-08-10 22:25:08.198396
365,106,37,1,2023-12-01 22:25:08.198396
366,92,18,3,2024-04-12 22:25:08.198396
367,10,42,4,2023-08-08 22:25:08.198396
368,191,23,5,2023-07-10 22:25:08.198396
369,162,2,3,2023-09-23 22:25:08.198396
370,63,22,4,2023-06-16 22:25:08.198396
371,137,7,5,2023-08-25 22:25:08.198396
372,119,39,3,2023-12-07 22:25:08.198396
373,67,2,5,2023-05-11 22:25:08.198396
374,157,25,5,2023-07-28 22:25:08.198396
375,29,3,2,2023-11-18 22:25:08.198396
376,183,11,5,2023-09-28 22:25:08.198396
377,127,4,2,2023-10-07 22:25:08.198396
378,51,37,1,2023-12-21 22:25:08.198396
379,57,50,5,2024-01-17 22:25:08.198396
380,54,22,5,2023-09-28 22:25:08.198396
381,154,14,4,2024-01-18 22:25:08.198396
382,106,2,1,2023-05-29 22:25:08.198396
383,4,49,1,2023-09-29 22:25:08.198396
384,113,46,4,2023-08-30 22:25:08.198396
385,93,18,3,2023-10-25 22:25:08.198396
386,174,19,3,2023-12-23 22:25:08.198396
387,26,38,1,2023-12-05 22:25:08.198396
388,154,23,2,2023-10-23 22:25:08.198396
389,150,39,3,2024-04-27 22:25:08.198396
390,143,15,3,2023-05-10 22:25:08.198396
391,19,24,2,2023-06-17 22:25:08.198396
392,107,46,4,2023-05-04 22:25:08.198396
393,133,7,1,2024-04-03 22:25:08.198396
394,86,16,1,2023-11-21 22:25:08.198396
395,34,17,3,2023-08-02 22:25:08.198396
396,48,49,2,2023-09-11 22:25:08.198396
397,18,33,5,2023-08-24 22:25:08.198396
398,145,32,5,2023-08-17 22:25:08.198396
399,2,38,3,2023-05-05 22:25:08.198396
400,14,27,3,2023-10-06 22:25:08.198396
401,109,21,3,2023-07-19 22:25:08.198396
402,14,40,2,2023-12-04 22:25:08.198396
403,38,13,4,2023-08-25 22:25:08.198396
404,18,25,5,2023-11-28 22:25:08.198396
405,179,10,3,2024-01-29 22:25:08.198396
406,71,30,1,2023-12-07 22:25:08.198396
407,84,43,2,2024-04-03 22:25:08.198396
408,105,47,5,2023-12-14 22:25:08.198396
409,9,33,1,2023-05-24 22:25:08.198396
410,4,3,2,2024-01-10 22:25:08.198396
411,36,21,3,2023-11-25 22:25:08.198396
412,158,42,1,2024-04-16 22:25:08.198396
413,181,42,1,2023-07-23 22:25:08.198396
414,31,17,4,2023-09-09 22:25:08.198396
415,194,24,3,2024-03-05 22:25:08.198396
416,96,6,4,2024-01-02 22:25:08.198396
417,122,27,4,2023-08-03 22:25:08.198396
418,84,46,5,2024-02-11 22:25:08.198396
419,47,12,4,2024-02-03 22:25:08.198396
420,77,48,3,2024-02-29 22:25:08.198396
421,66,28,5,2023-07-24 22:25:08.198396
422,89,1,1,2023-05-30 22:25:08.198396
423,135,50,2,2023-10-24 22:25:08.198396
424,24,50,2,2024-02-15 22:25:08.198396
425,71,15,5,2024-02-17 22:25:08.198396
426,151,4,2,2024-02-26 22:25:08.198396
427,149,30,5,2023-07-23 22:25:08.198396
428,118,22,2,2023-07-23 22:25:08.198396
429,50,13,3,2023-12-28 22:25:08.198396
430,126,48,3,2023-06-22 22:25:08.198396
431,153,7,1,2023-08-20 22:25:08.198396
432,42,33,4,2024-01-29 22:25:08.198396
433,68,1,4,2024-03-28 22:25:08.198396
434,70,18,5,2023-06-07 22:25:08.198396
435,87,28,4,2024-03-10 22:25:08.199391
436,50,24,3,2023-10-02 22:25:08.199391
437,57,50,2,2023-05-30 22:25:08.199391
438,102,48,3,2023-08-23 22:25:08.199391
439,179,35,1,2023-05-01 22:25:08.199391
440,145,7,4,2023-08-25 22:25:08.199391
441,61,39,1,2023-10-11 22:25:08.199391
442,42,24,4,2023-05-15 22:25:08.199391
443,152,46,2,2023-05-14 22:25:08.199391
444,88,41,2,2024-02-10 22:25:08.199391
445,15,19,1,2023-06-30 22:25:08.199391
446,92,49,2,2023-09-28 22:25:08.199391
447,119,31,5,2023-07-28 22:25:08.199391
448,199,7,1,2024-02-29 22:25:08.199391
449,175,39,1,2024-01-22 22:25:08.199391
450,146,41,3,2023-11-20 22:25:08.199391
451,184,50,1,2023-12-03 22:25:08.199391
452,102,43,5,2023-09-24 22:25:08.199391
453,121,12,3,2023-11-30 22:25:08.199391
454,85,15,1,2024-03-02 22:25:08.199391
455,72,1,3,2023-08-14 22:25:08.199391
456,62,3,2,2023-07-23 22:25:08.199391
457,111,4,4,2023-10-16 22:25:08.199391
458,48,33,3,2024-01-07 22:25:08.199391
459,161,19,2,2023-06-12 22:25:08.199391
460,133,10,5,2023-10-21 22:25:08.199391
461,172,12,1,2023-11-03 22:25:08.199391
462,91,31,3,2024-03-11 22:25:08.199391
463,23,12,3,2023-12-22 22:25:08.199391
464,178,40,1,2024-02-25 22:25:08.199391
465,180,11,2,2024-03-09 22:25:08.199391
466,35,47,4,2023-05-01 22:25:08.199391
467,21,20,1,2023-06-22 22:25:08.199391
468,139,15,2,2023-06-23 22:25:08.199391
469,162,50,5,2023-08-20 22:25:08.199391
470,69,5,1,2023-06-17 22:25:08.199391
471,138,7,1,2023-07-29 22:25:08.199391
472,143,14,1,2024-01-26 22:25:08.199391
473,139,41,1,2023-10-12 22:25:08.199391
474,115,41,3,2023-08-03 22:25:08.199391
475,190,42,4,2024-04-28 22:25:08.199391
476,79,1,4,2023-07-21 22:25:08.199391
477,136,36,1,2024-01-13 22:25:08.199391
478,13,20,5,2024-01-12 22:25:08.199391
479,36,1,4,2024-01-24 22:25:08.199391
480,54,35,5,2024-02-05 22:25:08.199391
481,2,38,4,2023-11-18 22:25:08.199391
482,106,30,3,2023-07-10 22:25:08.199391
483,162,23,3,2024-04-06 22:25:08.199391
484,137,4,1,2023-05-24 22:25:08.199391
485,99,36,2,2024-04-25 22:25:08.199391
486,37,10,1,2024-04-14 22:25:08.199391
487,54,44,2,2024-01-11 22:25:08.199391
488,175,22,4,2023-10-24 22:25:08.199391
489,26,17,3,2023-08-14 22:25:08.199391
490,168,45,4,2023-07-11 22:25:08.199391
491,42,21,4,2023-09-18 22:25:08.199391
492,100,28,2,2024-02-27 22:25:08.199391
493,143,22,3,2024-02-09 22:25:08.199391
494,91,20,4,2023-10-19 22:25:08.199391
495,111,10,3,2023-12-30 22:25:08.199391
496,162,12,5,2023-10-31 22:25:08.199391
497,66,31,1,2024-04-04 22:25:08.199391
498,125,19,2,2023-12-22 22:25:08.199391
499,114,45,3,2024-01-17 22:25:08.199391
500,197,25,5,2023-12-06 22:25:08.199391
501,102,50,3,2023-07-19 22:25:08.199391
502,98,50,2,2023-05-04 22:25:08.199391
503,104,35,4,2023-10-03 22:25:08.199391
504,100,14,2,2024-03-30 22:25:08.199391
505,70,34,2,2023-08-17 22:25:08.199391
506,103,25,1,2024-04-13 22:25:08.199391
507,114,35,2,2024-01-12 22:25:08.199391
508,187,3,1,2024-02-12 22:25:08.199391
509,143,23,3,2024-01-30 22:25:08.199391
510,55,7,3,2024-01-26 22:25:08.199391
511,179,9,1,2023-07-18 22:25:08.199391
512,148,8,2,2023-07-13 22:25:08.199391
513,181,12,4,2024-01-23 22:25:08.199391
514,30,30,4,2023-10-30 22:25:08.199391
515,34,9,3,2024-01-09 22:25:08.199391
516,99,37,3,2023-10-22 22:25:08.199391
517,138,11,4,2023-09-20 22:25:08.199391
518,13,19,5,2023-08-10 22:25:08.199391
519,180,46,2,2023-09-13 22:25:08.199391
520,161,20,3,2024-03-09 22:25:08.199391
521,179,50,3,2023-06-04 22:25:08.199391
522,196,29,2,2023-07-03 22:25:08.199391
523,83,40,3,2023-09-27 22:25:08.199391
524,13,28,5,2024-01-14 22:25:08.199391
525,73,13,2,2023-07-15 22:25:08.199391
526,196,41,1,2023-05-30 22:25:08.199391
527,10,34,2,2023-09-15 22:25:08.199391
528,177,18,1,2023-12-22 22:25:08.199391
529,2,19,5,2023-07-26 22:25:08.199391
530,75,42,4,2023-07-29 22:25:08.199391
531,142,36,1,2023-06-03 22:25:08.199391
532,43,25,2,2024-04-11 22:25:08.199391
533,33,11,1,2023-05-31 22:25:08.199391
534,189,41,2,2023-12-24 22:25:08.199391
535,37,36,5,2023-10-22 22:25:08.199391
536,9,17,3,2023-11-26 22:25:08.199391
537,102,36,2,2023-07-27 22:25:08.199391
538,124,13,3,2023-08-02 22:25:08.199391
539,86,2,3,2024-02-28 22:25:08.199391
540,151,35,3,2023-09-26 22:25:08.199391
541,59,14,5,2024-02-01 22:25:08.199391
542,27,33,2,2023-07-25 22:25:08.199391
543,17,39,5,2024-01-25 22:25:08.199391
544,126,13,1,2023-10-23 22:25:08.199391
545,159,46,2,2023-09-03 22:25:08.199391
546,161,36,2,2023-12-19 22:25:08.199391
547,191,26,2,2023-07-25 22:25:08.199391
548,77,5,5,2023-08-12 22:25:08.199391
549,19,11,1,2023-08-18 22:25:08.199391
550,67,46,5,2024-04-09 22:25:08.199391
551,67,13,3,2023-08-15 22:25:08.199391
552,180,15,1,2023-06-09 22:25:08.199391
553,76,16,5,2023-09-19 22:25:08.199391
554,163,16,5,2023-06-23 22:25:08.199391
555,59,17,2,2023-07-05 22:25:08.199391
556,143,20,3,2023-08-12 22:25:08.199391
557,161,38,1,2024-04-14 22:25:08.199391
558,181,23,1,2024-02-18 22:25:08.199391
559,150,41,5,2023-05-16 22:25:08.199391
560,111,46,3,2023-06-19 22:25:08.199391
561,35,26,4,2023-09-03 22:25:08.199391
562,21,42,2,2023-08-21 22:25:08.199391
563,91,11,3,2023-05-11 22:25:08.199391
564,59,15,5,2024-01-15 22:25:08.199391
565,16,1,4,2023-08-26 22:25:08.199391
566,101,43,4,2024-01-03 22:25:08.199391
567,114,20,2,2023-11-29 22:25:08.199391
568,185,6,1,2023-08-04 22:25:08.199391
569,114,9,3,2024-03-01 22:25:08.199391
570,186,30,5,2023-10-19 22:25:08.199391
571,160,35,4,2023-11-16 22:25:08.199391
572,40,18,5,2023-12-20 22:25:08.199391
573,83,8,3,2023-11-29 22:25:08.199391
574,179,22,2,2024-03-20 22:25:08.199391
575,2,17,4,2024-04-26 22:25:08.199391
576,36,20,3,2024-01-26 22:25:08.199391
577,190,28,1,2024-04-01 22:25:08.199391
578,85,41,3,2024-01-23 22:25:08.199391
579,85,17,4,2023-12-25 22:25:08.199391
580,154,23,3,2023-08-01 22:25:08.199391
581,191,11,2,2024-02-23 22:25:08.199391
582,80,46,3,2023-08-07 22:25:08.199391
583,21,36,2,2023-11-06 22:25:08.199391
584,158,48,2,2024-04-09 22:25:08.199391
585,15,14,4,2024-03-27 22:25:08.199391
586,60,41,4,2024-02-10 22:25:08.199391
587,126,1,5,2024-01-29 22:25:08.199391
588,49,18,2,2023-10-05 22:25:08.199391
589,133,11,1,2023-12-17 22:25:08.199391
590,40,17,4,2024-01-17 22:25:08.199391
591,170,10,1,2023-08-30 22:25:08.199391
592,53,10,4,2023-08-01 22:25:08.199391
593,10,43,3,2023-06-11 22:25:08.199391
594,100,28,1,2023-09-26 22:25:08.199391
595,43,12,5,2024-01-14 22:25:08.199391
596,144,13,2,2023-08-08 22:25:08.199391
597,59,26,4,2024-03-20 22:25:08.199391
598,155,29,5,2024-03-21 22:25:08.199391
599,13,39,4,2023-08-17 22:25:08.199391
600,189,34,3,2023-05-11 22:25:08.199391
601,194,13,5,2024-03-02 22:25:08.199391
602,133,48,4,2023-12-28 22:25:08.199391
603,37,41,1,2023-10-17 22:25:08.199391
604,30,39,4,2023-10-04 22:25:08.199391
605,122,45,1,2023-11-11 22:25:08.199391
606,132,9,4,2023-06-20 22:25:08.199391
607,121,39,2,2023-07-24 22:25:08.199391
608,39,8,5,2024-02-19 22:25:08.200391
609,65,9,5,2023-05-30 22:25:08.200391
610,149,42,1,2023-06-06 22:25:08.200391
611,100,14,2,2024-02-21 22:25:08.200391
612,200,5,2,2023-09-14 22:25:08.200391
613,169,13,2,2024-01-22 22:25:08.200391
614,185,5,2,2023-12-24 22:25:08.200391
615,195,49,2,2024-04-19 22:25:08.200391
616,71,15,2,2023-05-17 22:25:08.200391
617,136,21,1,2023-11-12 22:25:08.200391
618,109,49,3,2024-01-08 22:25:08.200391
619,17,25,2,2023-08-06 22:25:08.200391
620,176,44,1,2023-08-09 22:25:08.200391
621,109,21,3,2024-04-27 22:25:08.200391
622,60,12,4,2024-03-11 22:25:08.200391
623,72,23,5,2023-06-20 22:25:08.200391
624,175,3,1,2024-01-16 22:25:08.200391
625,11,27,4,2023-10-15 22:25:08.200391
626,74,31,1,2023-08-19 22:25:08.200391
627,24,35,3,2023-08-30 22:25:08.200391
628,109,36,1,2024-03-26 22:25:08.200391
629,186,21,4,2024-03-27 22:25:08.200391
630,5,26,2,2023-11-18 22:25:08.200391
631,88,34,5,2023-12-10 22:25:08.200391
632,38,20,5,2023-11-01 22:25:08.200391
633,46,2,5,2024-03-31 22:25:08.200391
634,7,34,1,2023-12-31 22:25:08.200391
635,64,39,3,2023-07-07 22:25:08.200391
636,200,8,2,2024-03-27 22:25:08.200391
637,81,30,1,2023-10-19 22:25:08.200391
638,37,36,5,2023-10-27 22:25:08.200391
639,100,11,4,2023-07-19 22:25:08.200391
640,197,32,5,2024-03-28 22:25:08.200391
641,197,8,3,2024-04-20 22:25:08.200391
642,6,5,3,2023-08-09 22:25:08.200391
643,19,17,2,2023-05-08 22:25:08.200391
644,151,31,4,2023-09-03 22:25:08.200391
645,163,6,3,2023-09-01 22:25:08.200391
646,156,14,2,2024-03-22 22:25:08.200391
647,3,20,4,2023-06-20 22:25:08.200391
648,66,23,4,2023-10-29 22:25:08.200391
649,16,48,2,2023-10-12 22:25:08.200391
650,158,19,5,2023-07-17 22:25:08.200391
651,176,34,5,2023-11-02 22:25:08.200391
652,76,31,1,2023-11-28 22:25:08.200391
653,82,9,1,2024-02-13 22:25:08.200391
654,88,8,1,2023-11-23 22:25:08.200391
655,88,21,5,2023-06-12 22:25:08.201338
656,175,21,3,2023-09-22 22:25:08.201338
657,7,17,5,2023-07-31 22:25:08.201338
658,170,6,5,2023-11-26 22:25:08.201338
659,75,31,3,2023-11-11 22:25:08.201338
660,41,17,1,2024-02-08 22:25:08.201338
661,94,19,5,2023-11-26 22:25:08.201338
662,76,38,3,2023-05-21 22:25:08.201338
663,85,39,5,2023-06-21 22:25:08.201338
664,80,37,3,2024-04-24 22:25:08.201338
665,131,8,3,2024-02-20 22:25:08.201338
666,100,3,4,2023-10-21 22:25:08.201338
667,127,20,4,2024-04-11 22:25:08.201338
668,88,26,1,2023-09-15 22:25:08.201338
669,26,23,5,2023-06-06 22:25:08.201338
670,141,44,2,2023-12-12 22:25:08.201338
671,69,29,1,2023-12-10 22:25:08.201338
672,73,17,4,2024-03-21 22:25:08.201338
673,196,11,1,2024-03-08 22:25:08.201338
674,174,6,4,2023-10-28 22:25:08.201338
675,169,28,2,2023-11-14 22:25:08.201338
676,74,43,4,2023-05-08 22:25:08.201338
677,55,29,4,2023-06-07 22:25:08.201338
678,24,47,5,2023-12-27 22:25:08.201338
679,170,34,2,2023-07-05 22:25:08.201338
680,158,12,1,2023-06-21 22:25:08.201338
681,50,50,2,2023-06-13 22:25:08.201338
682,97,35,5,2023-06-01 22:25:08.201338
683,46,44,2,2023-12-31 22:25:08.201338
684,19,37,4,2023-09-21 22:25:08.201338
685,172,40,3,2024-04-27 22:25:08.201338
686,200,24,2,2023-09-28 22:25:08.201338
687,29,38,2,2023-07-26 22:25:08.201338
688,160,47,1,2023-11-02 22:25:08.201338
689,41,47,2,2024-01-02 22:25:08.201338
690,55,46,1,2023-10-05 22:25:08.201338
691,185,23,2,2023-07-21 22:25:08.201338
692,122,1,4,2023-12-27 22:25:08.201338
693,93,49,3,2023-05-20 22:25:08.201338
694,109,7,1,2023-11-21 22:25:08.201338
695,50,48,2,2023-07-28 22:25:08.201338
696,42,20,5,2023-11-19 22:25:08.201338
697,95,19,4,2023-06-21 22:25:08.201338
698,143,2,2,2023-09-28 22:25:08.201338
699,154,50,5,2023-06-26 22:25:08.201338
700,45,47,5,2023-08-02 22:25:08.201338
701,82,16,2,2024-01-19 22:25:08.201338
702,2,19,3,2024-01-24 22:25:08.201338
703,34,6,2,2023-06-23 22:25:08.201338
704,133,11,4,2023-05-09 22:25:08.201338
705,198,12,2,2023-07-15 22:25:08.201338
706,107,23,5,2024-04-28 22:25:08.201338
707,200,5,2,2024-04-15 22:25:08.201338
708,20,19,4,2023-05-26 22:25:08.201338
709,162,34,3,2024-01-11 22:25:08.201338
710,102,3,4,2024-01-19 22:25:08.201338
711,59,50,3,2023-05-04 22:25:08.201338
712,87,2,5,2023-09-25 22:25:08.201338
713,135,35,1,2024-04-13 22:25:08.201338
714,145,8,2,2023-06-28 22:25:08.201338
715,123,19,3,2023-11-06 22:25:08.201338
716,59,3,5,2024-04-07 22:25:08.201338
717,124,7,3,2023-08-10 22:25:08.201338
718,80,7,3,2023-09-29 22:25:08.201338
719,199,5,2,2024-03-16 22:25:08.201338
720,100,32,5,2023-11-25 22:25:08.201338
721,34,11,2,2023-07-15 22:25:08.201338
722,188,5,5,2023-10-14 22:25:08.201338
723,147,19,2,2023-06-13 22:25:08.201338
724,79,4,5,2024-03-08 22:25:08.201338
725,153,28,4,2024-04-03 22:25:08.201338
726,134,4,5,2024-01-02 22:25:08.201338
727,156,9,1,2024-04-17 22:25:08.201338
728,78,43,4,2024-01-29 22:25:08.201338
729,51,34,3,2024-03-01 22:25:08.201338
730,119,18,5,2023-06-01 22:25:08.201338
731,67,27,5,2023-07-25 22:25:08.201338
732,157,47,2,2023-11-17 22:25:08.201338
733,161,47,5,2024-04-16 22:25:08.201338
734,97,49,2,2023-08-19 22:25:08.201338
735,16,18,5,2023-12-13 22:25:08.201338
736,117,46,5,2023-12-22 22:25:08.201338
737,197,50,1,2023-12-07 22:25:08.201338
738,178,44,4,2023-06-20 22:25:08.201338
739,160,3,1,2023-10-22 22:25:08.201338
740,166,49,4,2023-10-22 22:25:08.201338
741,71,42,3,2023-12-10 22:25:08.201338
742,2,14,4,2023-07-05 22:25:08.201338
743,71,4,4,2023-06-15 22:25:08.201338
744,147,47,3,2023-11-01 22:25:08.201338
745,103,16,1,2023-07-29 22:25:08.201338
746,77,50,4,2024-03-22 22:25:08.201338
747,91,46,5,2024-02-07 22:25:08.201338
748,147,33,5,2023-05-10 22:25:08.201338
749,93,6,3,2023-12-26 22:25:08.201338
750,123,27,4,2023-06-09 22:25:08.201338
751,172,10,1,2023-07-17 22:25:08.201338
752,181,37,3,2023-05-03 22:25:08.201338
753,185,17,4,2023-09-06 22:25:08.201338
754,174,35,3,2024-04-22 22:25:08.201338
755,66,10,5,2023-12-31 22:25:08.201338
756,102,20,5,2024-01-09 22:25:08.201338
757,139,49,2,2024-03-10 22:25:08.201338
758,14,13,2,2024-02-28 22:25:08.201338
759,183,31,4,2024-04-06 22:25:08.201338
760,42,1,5,2024-02-27 22:25:08.201338
761,188,8,5,2023-05-29 22:25:08.201338
762,87,27,3,2023-06-10 22:25:08.201338
763,33,36,2,2023-06-01 22:25:08.201338
764,200,40,2,2023-12-28 22:25:08.201338
765,72,46,5,2023-08-10 22:25:08.201338
766,185,16,4,2024-04-28 22:25:08.201338
767,74,34,2,2024-02-25 22:25:08.201338
768,66,29,4,2024-04-27 22:25:08.201338
769,187,43,4,2023-08-07 22:25:08.201338
770,126,48,5,2024-01-18 22:25:08.201338
771,193,27,3,2024-01-02 22:25:08.201338
772,43,14,4,2023-07-31 22:25:08.201338
773,95,44,1,2024-01-24 22:25:08.201338
774,30,28,4,2023-05-23 22:25:08.201338
775,77,48,2,2023-12-19 22:25:08.201338
776,66,15,5,2023-08-04 22:25:08.201338
777,53,9,3,2023-11-13 22:25:08.201338
778,178,39,5,2023-12-10 22:25:08.201338
779,58,12,1,2023-10-15 22:25:08.201338
780,114,48,1,2024-04-18 22:25:08.201338
781,159,9,4,2023-05-11 22:25:08.201338
782,8,39,3,2024-04-19 22:25:08.201338
783,39,30,2,2023-11-12 22:25:08.201338
784,35,43,1,2024-02-12 22:25:08.201338
785,188,24,1,2023-08-10 22:25:08.201338
786,12,12,3,2023-12-10 22:25:08.201338
787,76,50,5,2023-10-18 22:25:08.201338
788,167,23,1,2023-12-11 22:25:08.201338
789,119,28,4,2023-06-10 22:25:08.201338
790,137,30,5,2023-12-15 22:25:08.201338
791,169,27,3,2023-11-15 22:25:08.201338
792,160,16,1,2023-10-31 22:25:08.201338
793,193,33,1,2023-11-05 22:25:08.201338
794,191,14,4,2024-04-27 22:25:08.201338
795,4,41,4,2023-11-04 22:25:08.201338
796,47,24,5,2023-10-21 22:25:08.201338
797,133,41,5,2023-11-01 22:25:08.201338
798,18,12,2,2023-11-09 22:25:08.201338
799,181,13,5,2024-04-18 22:25:08.201338
800,33,9,3,2023-07-20 22:25:08.201338
801,88,13,5,2024-03-14 22:25:08.202399
802,196,5,4,2023-08-08 22:25:08.202399
803,116,12,2,2023-06-04 22:25:08.202399
804,52,9,3,2024-03-07 22:25:08.202399
805,73,47,3,2024-01-11 22:25:08.202399
806,99,27,4,2023-09-02 22:25:08.202399
807,12,27,4,2024-04-26 22:25:08.202399
808,93,33,5,2023-09-05 22:25:08.202399
809,150,6,2,2023-06-11 22:25:08.202399
810,86,27,1,2023-07-27 22:25:08.202399
811,177,36,3,2023-07-08 22:25:08.202399
812,2,14,5,2023-11-27 22:25:08.202399
813,80,49,1,2024-01-08 22:25:08.202399
814,83,30,4,2023-12-24 22:25:08.202399
815,174,29,5,2024-02-09 22:25:08.202399
816,150,15,3,2024-01-29 22:25:08.202399
817,72,3,4,2023-05-10 22:25:08.202399
818,33,21,1,2024-02-12 22:25:08.202399
819,131,7,5,2024-03-26 22:25:08.202399
820,152,44,1,2024-03-06 22:25:08.202399
821,91,43,2,2023-11-12 22:25:08.202399
822,38,46,3,2023-07-05 22:25:08.202399
823,192,17,5,2023-09-25 22:25:08.202399
824,184,23,3,2023-11-29 22:25:08.202399
825,111,2,5,2024-02-07 22:25:08.202399
826,20,13,5,2023-08-22 22:25:08.202399
827,21,46,5,2023-12-30 22:25:08.202399
828,26,31,4,2024-01-22 22:25:08.202399
829,54,4,4,2023-11-01 22:25:08.202399
830,61,44,3,2024-02-26 22:25:08.202399
831,165,40,1,2023-11-12 22:25:08.202399
832,163,45,1,2024-02-28 22:25:08.202399
833,80,15,2,2023-07-15 22:25:08.202399
834,193,21,4,2023-06-04 22:25:08.202399
835,3,30,2,2023-06-09 22:25:08.202399
836,87,43,5,2023-06-08 22:25:08.202399
837,29,42,1,2024-02-09 22:25:08.202399
838,73,7,5,2023-05-07 22:25:08.202399
839,115,13,2,2024-04-08 22:25:08.202399
840,147,15,4,2024-03-28 22:25:08.202399
841,148,29,3,2023-12-10 22:25:08.202399
842,101,29,2,2023-06-17 22:25:08.202399
843,68,44,4,2023-12-12 22:25:08.202399
844,64,11,5,2023-07-08 22:25:08.202399
845,116,21,1,2024-02-02 22:25:08.202399
846,145,17,2,2023-12-23 22:25:08.202399
847,118,45,2,2024-03-02 22:25:08.202399
848,51,23,1,2024-01-10 22:25:08.202399
849,177,14,1,2023-07-06 22:25:08.202399
850,103,28,2,2024-02-06 22:25:08.202399
851,81,30,2,2023-10-03 22:25:08.202399
852,102,2,2,2024-02-05 22:25:08.202399
853,71,17,5,2024-01-06 22:25:08.202399
854,29,24,1,2024-01-19 22:25:08.202399
855,74,13,4,2023-08-07 22:25:08.202399
856,199,35,4,2024-04-01 22:25:08.202399
857,194,6,2,2023-10-17 22:25:08.202399
858,22,16,3,2023-09-18 22:25:08.202399
859,199,9,2,2024-01-27 22:25:08.202399
860,99,3,2,2024-04-22 22:25:08.202399
861,115,30,3,2024-01-10 22:25:08.202399
862,176,5,3,2023-10-11 22:25:08.202399
863,12,42,3,2024-01-21 22:25:08.202399
864,2,15,3,2023-06-25 22:25:08.202399
865,145,32,3,2024-02-25 22:25:08.202399
866,126,24,1,2023-06-02 22:25:08.202399
867,152,41,5,2023-11-29 22:25:08.202399
868,197,10,4,2023-06-10 22:25:08.202399
869,49,30,4,2024-04-25 22:25:08.202399
870,86,29,1,2023-12-09 22:25:08.202399
871,8,50,1,2023-12-22 22:25:08.202399
872,136,50,3,2023-11-08 22:25:08.202399
873,87,41,3,2023-12-17 22:25:08.202399
874,13,2,2,2023-12-12 22:25:08.202399
875,110,28,2,2023-09-13 22:25:08.202399
876,113,3,4,2024-02-11 22:25:08.202399
877,80,44,3,2023-08-28 22:25:08.202399
878,155,20,1,2023-05-22 22:25:08.202399
879,88,3,3,2023-06-27 22:25:08.202399
880,121,32,5,2023-07-21 22:25:08.202399
881,65,13,2,2023-06-29 22:25:08.202399
882,80,13,2,2023-12-29 22:25:08.202399
883,119,28,3,2023-08-25 22:25:08.202399
884,107,14,1,2024-01-29 22:25:08.202399
885,45,27,4,2023-11-28 22:25:08.202399
886,192,26,5,2024-03-13 22:25:08.202399
887,12,19,4,2023-10-26 22:25:08.202399
888,162,50,4,2024-04-06 22:25:08.202399
889,46,29,5,2023-08-20 22:25:08.202399
890,192,41,2,2023-08-25 22:25:08.202399
891,95,39,1,2023-10-01 22:25:08.202399
892,123,39,5,2024-04-18 22:25:08.202399
893,72,10,5,2023-06-13 22:25:08.202399
894,59,21,3,2023-11-08 22:25:08.202399
895,72,31,2,2023-06-02 22:25:08.202399
896,130,1,2,2024-04-19 22:25:08.202399
897,34,32,5,2023-07-21 22:25:08.202399
898,94,29,2,2024-02-18 22:25:08.202399
899,62,42,2,2024-03-02 22:25:08.202399
900,157,50,2,2023-08-06 22:25:08.202399
901,147,17,2,2023-10-28 22:25:08.202399
902,159,36,1,2023-07-11 22:25:08.202399
903,112,12,4,2023-07-03 22:25:08.202399
904,195,6,5,2023-07-04 22:25:08.202399
905,177,24,2,2024-03-25 22:25:08.202399
906,139,36,4,2023-07-02 22:25:08.202399
907,38,19,4,2023-11-20 22:25:08.202399
908,127,12,2,2024-02-29 22:25:08.202399
909,116,36,2,2023-09-13 22:25:08.202399
910,167,5,5,2023-06-21 22:25:08.202399
911,127,22,5,2024-01-29 22:25:08.202399
912,152,28,4,2023-10-21 22:25:08.202399
913,77,22,4,2024-03-15 22:25:08.202399
914,76,3,5,2023-08-06 22:25:08.202399
915,132,5,4,2023-09-12 22:25:08.202399
916,196,1,1,2023-08-30 22:25:08.202399
917,173,6,1,2024-04-02 22:25:08.202399
918,175,43,4,2023-10-11 22:25:08.202399
919,186,45,3,2023-12-28 22:25:08.202399
920,92,35,3,2023-06-03 22:25:08.202399
921,60,32,2,2024-01-20 22:25:08.202399
922,184,30,4,2023-07-02 22:25:08.202399
923,45,29,4,2024-04-09 22:25:08.202399
924,33,22,5,2023-05-11 22:25:08.202399
925,60,36,2,2024-03-11 22:25:08.202399
926,9,20,3,2023-11-17 22:25:08.202399
927,65,1,5,2023-05-19 22:25:08.202399
928,144,11,3,2023-12-11 22:25:08.202399
929,110,10,1,2024-01-18 22:25:08.202399
930,186,2,5,2024-02-02 22:25:08.202399
931,54,2,3,2024-03-06 22:25:08.202399
932,169,43,3,2023-11-18 22:25:08.202399
933,45,9,3,2024-03-22 22:25:08.202399
934,79,41,4,2023-07-02 22:25:08.202399
935,50,45,4,2023-08-06 22:25:08.202399
936,23,2,1,2023-08-08 22:25:08.202399
937,51,27,3,2024-02-12 22:25:08.202399
938,146,19,5,2023-12-07 22:25:08.202399
939,39,18,3,2023-07-15 22:25:08.202399
940,135,45,5,2024-04-17 22:25:08.202399
941,175,49,3,2024-04-26 22:25:08.202399
942,99,3,3,2023-12-22 22:25:08.202399
943,36,14,2,2023-06-14 22:25:08.202399
944,170,33,3,2023-11-24 22:25:08.202399
945,105,50,2,2023-12-13 22:25:08.202399
946,130,27,3,2024-02-06 22:25:08.202399
947,171,16,3,2024-03-15 22:25:08.203310
948,167,26,4,2023-11-08 22:25:08.203310
949,122,28,5,2024-02-28 22:25:08.203310
950,152,50,5,2023-10-09 22:25:08.203310
951,193,18,4,2023-05-29 22:25:08.203310
952,39,8,1,2023-12-30 22:25:08.203310
953,123,4,4,2024-01-11 22:25:08.203310
954,150,13,2,2024-02-20 22:25:08.203310
955,6,8,1,2023-12-30 22:25:08.203310
956,44,7,1,2023-06-28 22:25:08.203310
957,112,42,4,2023-11-29 22:25:08.203310
958,93,42,4,2024-03-07 22:25:08.203310
959,108,21,1,2023-05-10 22:25:08.203310
960,146,27,2,2023-08-09 22:25:08.203310
961,166,32,2,2023-06-17 22:25:08.203310
962,174,10,1,2023-05-05 22:25:08.203310
963,136,49,2,2023-09-23 22:25:08.203310
964,178,32,2,2024-03-17 22:25:08.203310
965,94,30,3,2024-04-15 22:25:08.203310
966,8,26,3,2023-05-07 22:25:08.203310
967,59,35,4,2023-07-22 22:25:08.203310
968,14,25,3,2023-11-13 22:25:08.203310
969,34,44,5,2023-12-28 22:25:08.203310
970,13,36,2,2024-04-15 22:25:08.203310
971,108,7,5,2023-05-13 22:25:08.203310
972,126,17,1,2023-09-03 22:25:08.203310
973,27,48,5,2023-07-23 22:25:08.203310
974,135,16,1,2023-06-15 22:25:08.203310
975,196,46,2,2023-11-30 22:25:08.203310
976,161,48,1,2023-10-03 22:25:08.203310
977,88,35,3,2024-04-20 22:25:08.203310
978,15,4,3,2023-12-21 22:25:08.203310
979,57,36,3,2024-03-13 22:25:08.203310
980,20,26,3,2024-03-21 22:25:08.203310
981,29,11,1,2023-07-08 22:25:08.203310
982,38,7,4,2023-06-16 22:25:08.203310
983,105,12,5,2023-10-14 22:25:08.203310
984,64,29,4,2024-04-27 22:25:08.203310
985,44,3,2,2023-09-20 22:25:08.203310
986,198,17,2,2023-08-25 22:25:08.203310
987,80,43,4,2023-06-23 22:25:08.203310
988,124,41,3,2023-11-17 22:25:08.203310
989,110,30,2,2023-11-21 22:25:08.203310
990,178,43,4,2024-03-19 22:25:08.203310
991,40,38,1,2023-06-20 22:25:08.203310
992,107,45,5,2023-12-05 22:25:08.203310
993,192,25,1,2024-01-28 22:25:08.203310
994,123,23,3,2024-01-18 22:25:08.203310
995,122,36,4,2024-02-15 22:25:08.203310
996,76,23,4,2023-12-15 22:25:08.203310
997,83,21,1,2024-01-31 22:25:08.203310
998,70,42,4,2024-04-08 22:25:08.203310
999,112,48,3,2023-07-14 22:25:08.203310
1000,110,40,1,2024-04-07 22:25:08.203310
